City_ID,City,Lat,Lng,Max Temp,Humidity,Cloudiness,Wind Speed,Country,Date
0,port-aux-francais,-49.35,70.2167,276.39,82,34,7.66,TF,1698446906
1,hutchinson,38.0608,-97.9298,282.12,44,0,6.17,US,1698446690
2,tshabong,-26.05,22.45,296.11,35,96,4.2,BW,1698446908
3,coquimbo,-29.9533,-71.3436,290.0,63,20,5.14,CL,1698446551
4,iskateley,67.6803,53.1512,258.72,96,6,2.24,RU,1698446653
5,moyale,3.5167,39.0584,292.68,88,90,1.84,KE,1698446911
6,avarua,-21.2078,-159.775,298.18,61,40,8.23,CK,1698446662
7,petropavlovsk-kamchatsky,53.0452,158.6483,276.18,59,75,2.0,RU,1698446457
8,al muwayh,22.4333,41.7583,296.06,41,92,3.98,SA,1698446914
9,ribeira grande,38.5167,-28.7,292.47,79,87,5.36,PT,1698446357
10,tonota,-21.4833,27.4833,295.4,32,1,3.08,BW,1698446915
11,crane,31.3974,-102.3501,294.78,74,73,6.69,US,1698446764
12,keflavik,64.0049,-22.5624,278.1,87,0,3.6,IS,1698446338
13,hasaki,35.7333,140.8333,290.53,62,43,3.01,JP,1698446565
14,derry,54.9981,-7.3093,282.58,94,46,4.93,GB,1698446857
15,ulsteinvik,62.3432,5.8487,275.79,81,3,2.68,NO,1698446860
16,blackmans bay,-43.0167,147.3167,286.33,62,87,2.68,AU,1698446920
17,port mathurin,-19.6833,63.4167,297.58,76,96,3.28,MU,1698446921
18,invercargill,-46.4,168.35,283.16,84,91,6.71,NZ,1698446862
19,bonthe,7.5264,-12.505,299.07,86,99,1.8,SL,1698446923
20,barra de santo antonio,-9.4047,-35.5072,298.75,84,20,5.1,BR,1698446879
21,talnakh,69.4865,88.3972,257.71,91,100,0.98,RU,1698446499
22,bilibino,68.0546,166.4372,256.54,94,50,1.26,RU,1698446707
23,waitangi,-43.9535,-176.5597,282.49,74,86,6.26,NZ,1698446926
24,georgetown,5.4112,100.3354,300.11,92,20,2.24,MY,1698446765
25,yefremov,53.1481,38.0992,275.03,100,100,1.25,RU,1698446927
26,yellowknife,62.456,-114.3525,268.94,86,100,1.03,CA,1698446706
27,vilyuchinsk,52.9306,158.4028,277.0,73,95,0.44,RU,1698446929
28,goroka,-6.0834,145.3873,293.61,81,98,0.84,PG,1698446930
29,machico,32.7,-16.7667,294.5,77,40,4.12,PT,1698446603
30,aral,40.5156,81.2636,285.32,26,28,1.87,CN,1698446931
31,vorgashor,67.5833,63.95,263.81,97,98,2.66,RU,1698446350
32,bredasdorp,-34.5322,20.0403,286.54,68,90,2.87,ZA,1698446933
33,awjilah,29.1081,21.2869,295.04,55,0,2.69,LY,1698446933
34,papatowai,-46.5619,169.4708,282.56,77,97,6.55,NZ,1698446589
35,qaqortoq,60.7167,-46.0333,273.63,60,100,2.49,GL,1698446935
36,kaitong,44.8135,123.15,277.23,31,11,2.18,CN,1698446936
37,longyearbyen,78.2186,15.6401,270.06,80,75,2.57,SJ,1698446627
38,klyuchi,52.2667,79.1667,270.94,56,6,2.33,RU,1698446340
39,cascais,38.6979,-9.4215,292.07,88,76,7.15,PT,1698446783
40,glazunovka,52.4986,36.3275,274.66,100,100,2.87,RU,1698446939
41,bandar lampung,-5.4254,105.258,297.23,88,53,1.33,ID,1698446750
42,pisco,-13.7,-76.2167,293.18,83,100,6.69,PE,1698446941
43,grytviken,-54.2811,-36.5092,271.82,85,13,4.34,GS,1698446941
44,sitka,57.0531,-135.33,283.09,62,20,3.6,US,1698446942
45,ust-nera,64.5667,143.2,258.63,97,99,1.18,RU,1698446487
46,chhata,27.7167,77.5,294.36,29,28,1.74,IN,1698446944
47,lycksele,64.5954,18.6735,271.17,93,100,1.03,SE,1698446687
48,margaret river,-33.95,115.0667,283.58,67,8,2.14,AU,1698446749
49,ancud,-41.8697,-73.8203,283.4,85,79,7.7,CL,1698446409
50,wailua homesteads,22.0669,-159.378,301.0,64,0,3.6,US,1698446947
51,bethel,41.3712,-73.414,294.06,68,7,0.45,US,1698446593
52,tamanrasset,22.785,5.5228,293.1,19,0,1.03,DZ,1698446949
53,albany,42.6001,-73.9662,293.9,70,72,1.53,US,1698446950
54,fort st. john,56.2499,-120.8529,271.09,64,40,2.06,CA,1698446622
55,mendarda,21.3167,70.4333,296.84,59,10,0.36,IN,1698446951
56,oxapampa,-10.5775,-75.4017,290.26,97,99,0.69,PE,1698446952
57,dudinka,69.4058,86.1778,260.19,99,100,1.34,RU,1698446954
58,sao joao da barra,-21.6403,-41.0511,297.2,91,100,6.09,BR,1698446703
59,tazovsky,67.4667,78.7,259.05,91,100,7.01,RU,1698446957
60,lihue,21.9789,-159.3672,301.34,63,0,3.6,US,1698446957
61,kauhajoki,62.4333,22.1833,271.14,82,8,1.82,FI,1698446958
62,stanley,54.868,-1.6985,282.75,95,75,3.09,GB,1698446959
63,tromso,69.6496,18.957,269.16,86,0,1.03,NO,1698446751
64,cumming,34.2073,-84.1402,296.76,72,38,1.03,US,1698446725
65,al manshah,26.4769,31.8035,299.29,47,0,2.57,EG,1698446961
66,tshikapa,-6.4167,20.8,294.21,98,87,0.93,CD,1698446962
67,port elizabeth,-33.918,25.5701,288.32,96,100,3.6,ZA,1698446751
68,napanee,44.2501,-76.9494,293.1,81,11,5.12,CA,1698446964
69,edinburgh of the seven seas,-37.0676,-12.3116,287.18,95,100,16.02,SH,1698446834
70,labytnangi,66.6572,66.4183,263.69,86,93,2.84,RU,1698446374
71,isla vista,34.4133,-119.861,297.18,58,0,3.09,US,1698446966
72,praia da vitoria,38.7333,-27.0667,292.46,72,20,6.95,PT,1698446619
73,puerto baquerizo moreno,-0.9,-89.6,299.7,74,40,6.69,EC,1698446547
74,soran,49.78,72.8506,268.42,56,100,3.25,KZ,1698446969
75,west island,-12.1568,96.8225,299.14,78,75,8.75,CC,1698446969
76,anadyr,64.75,177.4833,273.71,86,75,8.0,RU,1698446415
77,anacapri,40.5558,14.2136,292.16,84,0,0.0,IT,1698446971
78,ta`u,-14.2336,-169.5144,299.31,84,99,9.78,AS,1698446972
79,whitehorse,60.7161,-135.0538,269.58,86,40,3.09,CA,1698446973
80,punta arenas,-53.15,-70.9167,278.21,56,20,15.43,CL,1698446686
81,makedonski brod,41.5136,21.2153,291.08,73,100,2.17,MK,1698446974
82,mount gambier,-37.8333,140.7667,289.66,36,100,7.16,AU,1698446429
83,pushkino,56.0172,37.8667,272.31,97,92,2.65,RU,1698446976
84,kargil,34.5667,76.1,273.53,48,0,0.72,IN,1698446977
85,tiksi,71.6872,128.8694,255.38,100,91,2.65,RU,1698446978
86,karliova,39.2983,41.0142,281.6,84,52,1.57,TR,1698446978
87,iqaluit,63.7506,-68.5145,270.0,68,75,3.6,CA,1698446979
88,ketchikan,55.3422,-131.6461,281.41,53,0,4.12,US,1698446688
89,badger,64.8,-147.5333,273.54,86,40,0.0,US,1698446981
90,kiunga,-6.1219,141.2906,299.32,82,93,0.45,PG,1698446982
91,fale old settlement,-9.3852,-171.2468,301.95,74,22,2.46,TK,1698446983
92,puerto natales,-51.7236,-72.4875,276.27,70,44,7.08,CL,1698446799
93,puerto ayora,-0.7393,-90.3518,301.13,88,50,4.02,EC,1698446984
94,kuala tungkal,-0.8167,103.4667,298.35,88,98,2.69,ID,1698446985
95,mil'kovo,55.6078,37.7956,272.42,97,98,2.82,RU,1698446986
96,hampstead,42.8745,-71.1812,295.1,66,22,0.45,US,1698446986
97,lai,9.3952,16.2989,295.69,80,48,2.57,TD,1698446987
98,thompson,55.7435,-97.8558,273.24,64,75,3.09,CA,1698446754
99,brisas de zicatela,15.8369,-97.0419,303.44,51,100,3.09,MX,1698446989
100,adamstown,-25.066,-130.1015,296.19,78,34,3.72,PN,1698446989
101,quincy,42.2529,-71.0023,296.12,68,40,3.6,US,1698446729
102,revda,56.801,59.9303,262.39,98,98,1.04,RU,1698446991
103,shiojiri,36.1,137.9667,281.82,84,85,0.73,JP,1698446992
104,carnarvon,-24.8667,113.6333,294.25,57,39,10.18,AU,1698446992
105,salvador,13.8333,-88.9167,301.17,95,47,1.4,SV,1698446993
106,atafu village,-8.5421,-172.5159,301.78,76,64,2.82,TK,1698446782
107,minas de marcona,-15.2119,-75.1103,287.15,90,98,5.08,PE,1698446994
108,ban sam chuk,14.7333,100.1,297.23,94,100,1.56,TH,1698446995
109,concepcion,-36.827,-73.0498,285.04,94,100,5.66,CL,1698446996
110,porto velho,-8.7619,-63.9039,299.18,89,40,0.0,BR,1698446997
111,villa ojo de agua,-29.5,-63.6938,293.39,64,40,5.02,AR,1698446998
112,quesnel,52.9999,-122.5029,275.43,41,0,1.54,CA,1698446999
113,nar'yan-mar,67.6713,53.087,258.77,96,6,2.24,RU,1698446999
114,pervomaysk,48.0443,30.8507,291.83,60,100,6.17,UA,1698447001
115,vila franca do campo,37.7167,-25.4333,291.97,99,100,6.78,PT,1698446870
116,ushuaia,-54.8,-68.3,277.96,81,100,9.26,AR,1698446716
117,trujillo,-8.116,-79.03,293.13,83,75,4.63,PE,1698446769
118,chonchi,-42.6128,-73.8092,283.22,83,29,3.29,CL,1698446557
119,san patricio,28.017,-97.5169,304.12,68,58,6.09,US,1698447006
120,mozarlandia,-14.7447,-50.5706,302.65,54,86,2.62,BR,1698447007
121,macae,-22.3708,-41.7869,295.39,92,100,4.4,BR,1698446968
122,touros,-5.1989,-35.4608,299.1,82,15,6.43,BR,1698446870
123,codrington,-38.2667,141.9667,290.06,34,100,8.39,AU,1698446467
124,lebu,-37.6167,-73.65,284.84,90,100,8.87,CL,1698447011
125,severo-yeniseyskiy,60.3725,93.0408,264.26,85,100,7.12,RU,1698447012
126,lincoln,40.8,-96.667,278.3,54,0,1.79,US,1698446893
127,polyarnyy,69.1989,33.4478,269.9,88,99,4.25,RU,1698447014
128,oyama,36.3,139.8,290.7,64,96,1.52,JP,1698447015
129,northam,51.0333,-4.2167,285.74,95,100,6.79,GB,1698446501
130,hithadhoo,-0.6,73.0833,300.57,77,96,6.58,MV,1698447017
131,peruibe,-24.32,-46.9983,294.35,97,100,4.03,BR,1698447018
132,tayaman,13.2295,120.5726,299.95,78,64,2.3,PH,1698447019
133,mili,6.0815,171.735,299.56,85,91,6.88,MH,1698447020
134,benjamin constant,-4.3831,-70.0311,302.22,78,75,6.17,BR,1698447021
135,uturoa,-16.7333,-151.4333,297.92,78,100,6.0,PF,1698447022
136,ilulissat,69.2167,-51.1,269.16,74,100,4.12,GL,1698446758
137,aasiaat,68.7098,-52.8699,266.16,88,100,3.21,GL,1698447023
138,jamestown,42.097,-79.2353,293.95,73,40,4.12,US,1698446801
139,rikaze,29.25,88.8833,273.79,52,2,1.37,CN,1698446867
140,minab,27.1467,57.0801,299.56,68,5,0.57,IR,1698447026
141,amahai,-3.3333,128.9167,299.37,73,69,1.09,ID,1698447027
142,sao jose da coroa grande,-8.8978,-35.1478,298.92,82,26,5.23,BR,1698447028
143,taulaga,-11.0553,-171.0883,301.17,79,78,3.06,AS,1698447029
144,el granada,37.5027,-122.4694,293.58,59,0,9.26,US,1698446523
145,barkly west,-28.5354,24.5215,299.75,16,100,4.53,ZA,1698447030
146,araguaina,-7.1911,-48.2072,306.86,29,72,1.7,BR,1698447031
147,san ramon,37.7799,-121.978,293.57,48,0,5.66,US,1698446864
148,vadso,70.0744,29.7487,271.24,74,75,2.57,NO,1698446478
149,nurota,40.5614,65.6886,290.3,48,91,1.6,UZ,1698447034
150,tucuma,-0.1833,-50.05,300.45,71,44,5.0,BR,1698446887
151,coxen hole,16.3244,-86.5366,301.75,84,20,4.12,HN,1698447036
152,rio preto da eva,-2.6994,-59.6997,304.19,33,96,1.46,BR,1698447037
153,tabas,33.5959,56.9244,294.67,35,56,2.67,IR,1698447038
154,san agustin de valle fertil,-30.6335,-67.4682,298.38,26,3,2.88,AR,1698447039
155,kone,-21.0595,164.8658,300.33,62,91,3.93,NC,1698446532
156,sitia,35.2,26.0986,294.81,82,18,1.2,GR,1698446779
157,camana,-16.6228,-72.7111,292.41,84,99,3.97,PE,1698447042
158,enewetak,11.3474,162.3373,301.81,70,58,5.58,MH,1698447043
159,labrador city,52.9463,-66.9114,272.1,93,100,1.03,CA,1698447043
160,kudahuvadhoo,2.6708,72.8944,300.56,79,79,4.87,MV,1698446713
161,santa cruz,-17.8,-63.1667,302.85,65,75,8.75,BO,1698446897
162,beloyarskiy,63.7119,66.6722,260.64,95,36,1.77,RU,1698447045
163,riyadh,24.6877,46.7219,295.23,46,45,3.43,SA,1698447005
164,antofagasta,-23.65,-70.4,290.75,67,33,1.35,CL,1698446466
165,burang,30.25,81.1667,273.61,70,35,0.93,CN,1698447049
166,bamboo flat,11.7,92.7167,299.2,89,40,1.03,IN,1698447050
167,alofi,-19.0595,-169.9187,299.09,65,41,8.23,NU,1698447050
168,garachico,28.7781,-17.7646,293.42,68,20,2.06,ES,1698447051
169,pontes e lacerda,-15.2261,-59.3353,303.37,48,72,2.53,BR,1698447052
170,port lincoln,-34.7333,135.8667,291.48,56,66,5.14,AU,1698446885
171,cururupu,-1.8283,-44.8683,297.82,81,14,2.1,BR,1698447054
172,balykshi,47.0667,51.8667,286.15,100,75,8.0,KZ,1698447055
173,olonkinbyen,70.9221,-8.7187,271.95,66,13,0.18,SJ,1698446829
174,mount pearl,47.5166,-52.7813,278.74,85,40,2.06,CA,1698447056
175,kimbe,-5.5502,150.1429,301.26,76,100,0.88,PG,1698447058
176,puerto aysen,-45.4,-72.7,278.7,99,100,2.48,CL,1698447059
177,gornozavodsk,58.3758,58.3211,264.36,98,68,0.66,RU,1698447060
178,tegueste,28.5167,-16.3167,294.61,88,40,6.17,ES,1698447061
179,tolanaro,-25.0319,46.9987,294.05,85,72,5.49,MG,1698447062
180,illizi,26.4833,8.4667,299.04,22,79,2.33,DZ,1698447063
181,la ronge,55.1001,-105.2842,270.29,80,75,6.69,CA,1698447064
182,agat village,13.3886,144.6585,302.79,89,100,2.06,GU,1698447064
183,nagqu,31.5,92.0,268.26,74,100,1.0,CN,1698447065
184,acapulco de juarez,16.8634,-99.8901,301.43,81,83,4.52,MX,1698446820
185,hadibu,12.65,54.0333,299.35,78,64,3.87,YE,1698446856
186,yelizovo,53.1873,158.3805,276.93,80,75,2.0,RU,1698447068
187,lompoc,34.6391,-120.4579,297.6,61,0,10.28,US,1698446561
188,miles city,46.4083,-105.8406,264.69,79,75,3.6,US,1698447070
189,saint-philippe,-21.3585,55.7679,296.92,84,85,0.41,RE,1698447070
190,kangding,30.0513,101.9603,280.64,95,95,0.41,CN,1698447071
191,gantang,26.92,119.6333,291.51,83,100,1.06,CN,1698447073
192,ust'-ilimsk,58.0006,102.6619,272.28,50,93,4.92,RU,1698447074
193,tadmur,34.5608,38.2805,297.92,33,93,1.52,SY,1698447075
194,mournies,35.4764,24.0092,295.28,88,20,0.0,GR,1698447076
195,saipan,15.1355,145.701,302.54,89,40,3.6,MP,1698447076
196,holdrege,40.4403,-99.3698,277.1,50,0,4.63,US,1698447077
197,changyon,38.2508,125.0961,284.49,73,0,0.8,KP,1698447078
198,mejit,10.2753,170.8646,301.26,76,94,5.18,MH,1698447079
199,isafjordur,66.0755,-23.124,275.92,85,78,2.15,IS,1698447079
200,okhotsk,59.3833,143.3,272.53,98,100,5.14,RU,1698446513
201,griffith,41.5284,-87.4237,294.07,85,100,5.14,US,1698447081
202,aykhal,66.0,111.5,264.07,90,97,10.25,RU,1698446859
203,phalaborwa,-23.943,31.1411,297.75,41,2,1.15,ZA,1698447084
204,harper,4.375,-7.7169,298.69,88,4,3.0,LR,1698447084
205,sur,22.5667,59.5289,300.93,56,93,3.04,OM,1698447085
206,sao gabriel da cachoeira,-0.1303,-67.0892,298.58,85,64,0.8,BR,1698447086
207,siedlce,52.1677,22.2901,281.9,94,100,4.91,PL,1698447087
208,san antonio de pale,-1.4014,5.6325,299.05,84,36,4.31,GQ,1698447088
209,el porvenir,13.7617,-87.3458,297.78,95,85,1.3,HN,1698447089
210,howrah,22.5892,88.3103,297.15,88,20,0.0,IN,1698447090
211,lautoka,-17.6167,177.4667,303.07,51,20,4.12,FJ,1698446976
212,saitlaw,23.9667,92.5833,289.12,99,13,0.95,IN,1698447091
213,muravlenko,63.7898,74.523,263.08,91,100,7.19,RU,1698447092
214,college,64.8569,-147.8028,273.59,80,40,0.0,US,1698447093
215,llallagua,-18.4167,-66.6333,287.82,35,90,4.24,BO,1698447094
216,alice springs,-23.7,133.8833,292.9,10,53,5.14,AU,1698446832
217,akureyri,65.6835,-18.0878,270.11,100,100,0.0,IS,1698447095
218,shchyolkino,45.4291,35.8223,290.68,74,100,9.51,UA,1698447096
219,alaghsas,17.0187,8.0168,299.66,14,91,3.68,NE,1698447097
220,afaahiti,-17.75,-149.2833,297.08,93,100,6.56,PF,1698447099
221,pittsburg,38.028,-121.8847,294.49,42,0,5.14,US,1698447101
222,behompy,-23.2496,43.8557,295.13,56,2,3.27,MG,1698447102
223,zanjan,36.6736,48.4787,285.87,48,100,1.66,IR,1698447103
224,yutan,28.25,112.55,289.97,87,100,1.88,CN,1698447104
225,chiredzi,-21.05,31.6667,296.26,54,0,1.3,ZW,1698447105
226,taoudenni,22.6783,-3.9836,304.85,16,0,4.37,ML,1698447106
227,pineville,31.3224,-92.4343,303.67,62,100,3.6,US,1698447106
228,princeville,45.7668,-61.2985,285.63,97,100,4.12,CA,1698447109
229,ha'il,27.5219,41.6907,294.16,73,0,2.06,SA,1698447109
230,beyneu,45.3167,55.2,288.93,63,100,2.97,KZ,1698447110
231,dryden,49.7833,-92.7503,271.31,93,100,2.57,CA,1698447111
232,lagoa vermelha,-28.2086,-51.5258,289.8,97,100,4.47,BR,1698447080
233,kidal,18.4411,1.4078,301.66,11,3,4.58,ML,1698446895
234,oued el abtal,35.456,0.6878,291.52,81,84,1.45,DZ,1698447114
235,palikir - national government center,6.9248,158.1611,300.62,83,100,2.06,FM,1698446610
236,karymskoye,51.6167,114.35,272.17,68,22,1.39,RU,1698447115
237,masterton,-40.9597,175.6575,285.86,41,7,1.85,NZ,1698447116
238,nadi,-17.8,177.4167,303.15,51,20,4.12,FJ,1698447117
239,kilindoni,-7.9139,39.6668,299.4,83,55,5.08,TZ,1698447118
240,labasa,-16.4167,179.3833,301.44,64,50,4.08,FJ,1698447120
241,korem,12.5058,39.5228,285.74,87,100,0.9,ET,1698447120
242,port saint john's,-31.6229,29.5448,292.27,83,100,2.8,ZA,1698447121
243,pandan,14.0453,124.1694,300.49,82,37,3.95,PH,1698447122
244,juegang,32.3174,121.1855,289.77,58,100,2.07,CN,1698447123
245,utrik,11.2278,169.8474,301.29,74,9,4.94,MH,1698447124
246,guerrero negro,27.9769,-114.0611,293.76,66,12,7.95,MX,1698447125
247,igarka,67.4667,86.5833,262.08,89,100,5.13,RU,1698447126
248,east ballina,-28.8667,153.5833,290.82,56,52,7.71,AU,1698447127
249,tateyama,34.9833,139.8667,290.43,70,19,2.61,JP,1698447127
250,tofol,5.3248,163.0078,302.03,79,75,1.03,FM,1698447128
251,santo antonio,-6.3106,-35.4789,297.09,85,25,4.13,BR,1698447129
252,vernon,50.2581,-119.2691,280.49,32,11,2.24,CA,1698446928
253,port hedland,-20.3167,118.5667,299.18,83,40,1.03,AU,1698446608
254,jining,35.405,116.5814,287.81,56,97,2.98,CN,1698447132
255,chone,-0.6833,-80.1,298.69,78,89,4.44,EC,1698447132
256,saudarkrokur,65.7461,-19.6394,274.27,84,99,2.57,IS,1698447133
257,bungay,52.4543,1.4382,283.1,100,26,2.96,GB,1698447134
258,naro moru,-0.1676,37.0213,285.75,87,95,1.64,KE,1698447135
259,holualoa,19.6228,-155.9522,300.8,75,40,4.12,US,1698447136
260,menaka,15.9182,2.4022,302.89,11,87,2.06,ML,1698447136
261,ridder,50.355,83.5133,266.05,86,61,1.63,KZ,1698447137
262,brookings,44.3114,-96.7984,270.15,79,100,7.2,US,1698446888
263,padangsidempuan,1.3667,99.2667,294.88,98,97,0.52,ID,1698447139
264,livingstone,-17.8419,25.8543,298.74,27,4,2.12,ZM,1698447064
265,hard bargain,26.3167,-77.5667,299.16,68,33,10.7,BS,1698447140
266,vorkuta,67.5,64.0,263.94,96,98,2.52,RU,1698446888
267,venado,22.9333,-101.0833,295.42,53,77,7.58,MX,1698447142
268,hirara,24.8,125.2833,297.3,60,100,4.63,JP,1698447142
269,gadzhiyevo,69.2551,33.3362,269.81,90,100,4.1,RU,1698447143
270,doka,13.5167,35.7667,295.66,88,100,5.42,SD,1698447144
271,opuwo,-18.0607,13.84,295.58,38,46,1.67,NA,1698447145
272,motygino,58.1831,94.7592,270.81,56,100,6.71,RU,1698447145
273,navia,43.5354,-6.7194,287.96,75,88,5.87,ES,1698447146
274,aur,8.1499,171.1687,301.56,75,100,5.0,MH,1698447148
275,magadan,59.5667,150.8,270.79,78,100,4.85,RU,1698447149
276,fortuna,40.5982,-124.1573,288.67,70,0,5.14,US,1698447150
277,pishin,30.5803,66.9961,289.46,41,100,0.7,PK,1698447151
278,al fqih ben calah,32.5009,-6.6906,292.36,75,97,2.99,MA,1698447152
279,new norfolk,-42.7826,147.0587,286.99,52,98,2.45,AU,1698447152
280,sinabang,2.4803,96.3801,298.68,86,98,1.14,ID,1698447153
281,sigli,5.3848,95.9609,298.69,80,99,1.42,ID,1698447154
282,susuman,62.7833,148.1667,255.36,90,100,0.89,RU,1698447155
283,progreso,21.2833,-89.6667,304.88,75,13,8.35,MX,1698447156
284,jayapura,-2.5333,140.7,300.81,82,100,2.25,ID,1698447157
285,ormara,25.2088,64.6357,300.42,77,85,4.76,PK,1698447158
286,nuuk,64.1835,-51.7216,271.49,86,75,3.6,GL,1698447116
287,raja,8.4596,25.678,294.58,90,100,1.62,SS,1698447159
288,bodo,67.28,14.405,275.34,88,75,5.14,NO,1698447160
289,tsiombe,-25.3,45.4833,294.17,79,8,5.94,MG,1698447161
290,siniscola,40.5719,9.6922,292.9,70,100,3.13,IT,1698447162
291,bayanhongor,46.7167,100.1167,272.15,44,17,0.91,MN,1698447162
292,papao,-17.75,-149.55,297.97,86,100,5.44,PF,1698447163
293,mccook,40.2019,-100.6257,280.18,39,0,4.63,US,1698447164
294,laurel,39.0993,-76.8483,297.25,73,0,1.54,US,1698447164
295,cabo san lucas,22.8909,-109.9124,301.32,54,0,5.66,MX,1698447042
296,sangkhla buri,15.1555,98.4536,295.22,99,97,0.63,TH,1698447166
297,misratah,32.3754,15.0925,297.89,57,1,1.62,LY,1698447166
298,grande prairie,55.1667,-118.8027,274.25,51,40,3.09,CA,1698447167
299,tarrafal de sao nicolau,16.5667,-24.3667,299.5,81,88,6.53,CV,1698447168
300,warrnambool,-38.3833,142.4833,291.68,43,98,7.41,AU,1698447169
301,colonia,50.9333,6.95,284.67,90,0,3.09,DE,1698447002
302,great falls,47.5002,-111.3008,267.41,76,100,2.57,US,1698447170
303,cockburn town,21.4612,-71.1419,300.44,71,2,9.33,TC,1698447171
304,maua,-23.6678,-46.4614,293.91,95,100,2.76,BR,1698447085
305,island harbour,50.724,-1.2758,285.33,92,100,0.89,GB,1698446884
306,mata-utu,-13.2816,-176.1745,300.58,77,28,6.52,WF,1698447173
307,nguigmi,14.2495,13.1092,300.93,22,61,3.53,NE,1698447174
308,sisimiut,66.9395,-53.6735,269.04,89,100,3.25,GL,1698446893
309,chibougamau,49.9168,-74.3659,280.94,100,100,2.57,CA,1698447176
310,krabi,8.0726,98.9105,298.26,100,20,2.57,TH,1698447177
311,catbalogan,11.85,124.9167,298.17,88,22,1.22,PH,1698447178
312,kerikeri,-35.2268,173.9474,289.21,68,100,0.45,NZ,1698446700
313,florencia,43.7667,11.25,291.93,68,20,1.54,IT,1698447179
314,kapuskasing,49.4169,-82.4331,277.15,93,100,2.06,CA,1698446890
315,safford,32.834,-109.7076,300.79,28,0,1.34,US,1698447181
316,hermanus,-34.4187,19.2345,287.43,68,97,5.54,ZA,1698446579
317,zemio,5.0314,25.1361,292.69,96,100,0.78,CF,1698447182
318,la passe,45.5549,-0.8967,287.58,73,76,10.04,FR,1698447183
319,alesund,62.4723,6.1549,275.79,78,2,6.17,NO,1698446812
320,constantia,44.1833,28.65,292.53,52,100,8.06,RO,1698447185
321,tutoia,-2.7619,-42.2744,300.46,74,3,6.19,BR,1698447185
322,marondera,-18.1853,31.5519,289.53,61,0,2.94,ZW,1698447186
323,san julian,21.0167,-102.1667,295.15,50,91,4.59,MX,1698447187
324,richards bay,-28.783,32.0377,294.27,78,99,5.24,ZA,1698447188
325,luwuk,-0.9516,122.7875,299.61,62,66,2.57,ID,1698447189
326,geraldton,-28.7667,114.6,284.38,87,0,4.63,AU,1698446594
327,santa ana,33.7456,-117.8678,298.68,59,20,5.14,US,1698446605
328,forecariah,9.4306,-13.0881,297.97,94,87,1.23,GN,1698447191
329,ilhabela,-23.7781,-45.3581,294.75,95,100,5.39,BR,1698447192
330,happy valley-goose bay,53.3168,-60.3315,273.32,64,40,1.54,CA,1698447193
331,katsuura,35.1333,140.3,291.52,71,46,1.03,JP,1698447194
332,khandyga,62.6667,135.6,256.48,100,95,1.04,RU,1698447196
333,chinon,47.1667,0.3333,284.7,86,90,7.5,FR,1698447197
334,tocopilla,-22.092,-70.1979,290.03,73,19,1.48,CL,1698446769
335,port-vila,-17.7338,168.3219,300.93,74,75,3.09,VU,1698447198
336,qarazhal,48.0078,70.7903,275.24,49,100,4.46,KZ,1698447199
337,dunedin,-45.8742,170.5036,282.64,68,84,7.83,NZ,1698447144
338,chaohu,31.6,117.8667,290.48,75,98,2.76,CN,1698447201
339,shalqar,47.8333,59.6,274.83,90,100,6.43,KZ,1698447202
340,amga,60.8953,131.9608,257.76,98,89,1.16,RU,1698447203
341,port alfred,-33.5906,26.891,288.25,97,100,1.34,ZA,1698447204
342,nemuro,43.3236,145.575,284.57,80,95,3.36,JP,1698447205
343,lugu,23.7464,120.7525,294.6,86,85,0.62,TW,1698447205
344,saint george's,12.0564,-61.7485,301.97,84,40,6.69,GD,1698446939
345,martapura,-3.4167,114.85,296.2,94,36,0.0,ID,1698447207
346,tual,-5.6667,132.75,299.68,75,78,4.64,ID,1698447208
347,bel ombre,-4.6167,55.4167,300.06,89,40,1.03,SC,1698447210
348,shache,38.4167,77.2406,286.34,31,1,1.61,CN,1698447210
349,east london,-33.0153,27.9116,290.93,92,100,4.3,ZA,1698447211
350,guadarrama,40.6727,-4.0895,284.24,98,95,1.93,ES,1698447212
351,kailua-kona,19.6406,-155.9956,302.87,75,40,4.12,US,1698447214
352,fort bragg,35.139,-79.006,298.47,65,0,2.57,US,1698447215
353,yanam,16.7333,82.2167,297.03,90,89,1.1,IN,1698447216
354,mukalla,14.5425,49.1242,299.43,81,77,2.44,YE,1698447217
355,hawaiian paradise park,19.5933,-154.9731,301.88,71,40,5.14,US,1698446859
356,conceicao da barra,-18.5933,-39.7322,296.49,95,100,1.93,BR,1698447218
357,kwolla,8.9333,9.2833,298.3,72,3,2.0,NG,1698447219
358,sala,34.0389,-6.8166,292.53,100,40,0.0,MA,1698447220
359,shanghai,31.2222,121.4581,291.44,81,0,1.0,CN,1698447158
360,argo,37.6333,22.7333,291.92,76,13,2.26,GR,1698447222
361,eureka,40.8021,-124.1637,289.63,73,5,2.24,US,1698447223
362,acarau,-2.8856,-40.12,299.96,77,1,7.49,BR,1698447147
363,el aouinet,35.8669,7.8867,289.76,79,95,1.31,DZ,1698447224
364,baker city,44.7749,-117.8344,276.03,68,100,7.2,US,1698446964
365,udachny,66.4167,112.4,266.18,85,91,5.23,RU,1698447226
366,emerald,-23.5333,148.1667,294.45,44,0,5.65,AU,1698446382
367,souillac,-20.5167,57.5167,297.36,83,75,1.54,MU,1698447227
368,ishigaki,24.3448,124.1572,298.22,61,75,5.66,JP,1698447228
369,kuanda,56.3161,116.0806,272.3,64,96,1.2,RU,1698447229
370,guanica,17.9716,-66.908,298.69,66,99,2.2,PR,1698447230
371,promyshlennovskiy,55.4833,86.2,271.17,76,55,4.85,RU,1698447231
372,yigo village,13.5361,144.8886,302.77,86,75,4.63,GU,1698447232
373,thinadhoo,0.5333,72.9333,300.54,77,35,6.89,MV,1698446678
374,shakhty,47.7091,40.2144,289.94,73,99,4.92,RU,1698447148
375,ebon,4.582,168.6964,301.73,70,82,4.48,MH,1698447234
376,san luis de la loma,17.2706,-100.8939,300.77,85,76,3.73,MX,1698447235
377,kattivakkam,13.2167,80.3167,301.52,81,49,1.43,IN,1698447236
378,north las vegas,36.1989,-115.1175,298.23,27,0,3.58,US,1698447071
379,qamdo,31.1667,97.2333,270.36,71,100,0.32,CN,1698447239
380,zhezqazghan,47.7833,67.7667,276.19,45,100,4.61,KZ,1698447240
381,aconibe,1.2968,10.9369,292.36,99,49,1.12,GQ,1698447241
382,maragogi,-9.0122,-35.2225,298.92,82,22,5.15,BR,1698447242
383,remire-montjoly,4.9167,-52.2667,301.17,83,20,2.06,GF,1698447243
384,yongchuan,29.3514,105.8947,288.13,91,94,0.44,CN,1698447244
385,katsuren-haebaru,26.3369,127.8719,297.16,78,20,2.57,JP,1698447245
386,humberto de campos,-2.5983,-43.4611,299.07,76,8,3.65,BR,1698447246
387,karratha,-20.7377,116.8463,302.69,44,16,3.2,AU,1698447068
388,bratsk,56.1325,101.6142,269.42,46,100,6.19,RU,1698447247
389,suwannaphum,15.6035,103.8021,298.52,82,99,2.37,TH,1698447248
390,klaksvik,62.2266,-6.589,280.66,72,94,10.75,FO,1698447249
391,sydney,-33.8679,151.2073,291.79,61,75,5.66,AU,1698447006
392,dhidhdhoo,6.8833,73.1,300.86,76,91,2.86,MV,1698447251
393,piedras negras,28.7,-100.5167,305.47,62,75,5.14,MX,1698447252
394,peace river,56.2501,-117.286,272.32,64,40,3.09,CA,1698446696
395,sumberpucung,-8.1586,112.4829,296.94,68,35,0.95,ID,1698447254
396,sao vicente,-23.9631,-46.3919,297.25,59,100,2.24,BR,1698447255
397,howard springs,-12.497,131.047,304.19,67,11,1.55,AU,1698447256
398,alto barinas,8.5931,-70.2261,300.92,66,60,0.95,VE,1698447257
399,zeerust,-25.5369,26.0751,294.41,47,70,5.74,ZA,1698447258
400,kolonia,50.9333,6.95,284.67,90,0,3.09,DE,1698447002
401,sandnessjoen,66.0217,12.6316,268.44,73,65,3.82,NO,1698447259
402,charters towers,-20.1,146.2667,299.28,29,11,6.39,AU,1698447260
403,kapa'a,22.0752,-159.319,302.14,64,0,3.6,US,1698447261
404,gambela,8.25,34.5833,295.23,99,100,1.16,ET,1698447262
405,fort-shevchenko,44.5086,50.263,288.97,85,85,1.28,KZ,1698447263
406,brokopondo,4.75,-55.1667,303.17,65,60,4.98,SR,1698447265
407,vredendal,-31.6683,18.5012,286.23,70,0,7.18,ZA,1698447266
408,tazacorte,28.629,-17.9293,294.9,82,20,2.06,ES,1698447267
409,prado,-17.3411,-39.2208,297.08,93,100,3.28,BR,1698447267
410,ploneour-lanvern,47.9,-4.2833,284.31,93,75,1.03,FR,1698447268
411,hamilton,39.1834,-84.5333,296.14,81,40,6.17,US,1698446469
412,dampit,-8.2116,112.7493,296.53,68,61,0.85,ID,1698447270
413,luderitz,-26.6481,15.1594,290.0,77,61,9.88,NA,1698447271
414,burley,42.5357,-113.7928,282.7,36,0,3.6,US,1698447249
415,sarupathar,26.1984,93.8094,291.92,97,2,0.38,IN,1698447272
416,barah,13.7,30.3667,301.12,50,100,4.67,SD,1698447273
417,khanpur,28.6453,70.6567,298.95,23,53,2.8,PK,1698447274
418,liuli,-11.0833,34.6333,300.7,62,82,1.17,TZ,1698447275
419,qarqaraly,49.4058,75.4742,269.6,57,100,1.71,KZ,1698447276
420,mugia,43.1041,-9.2179,289.91,83,100,11.57,ES,1698447277
421,wau,7.7029,27.9953,295.63,91,99,2.19,SS,1698447277
422,piacabucu,-10.4056,-36.4344,299.06,79,72,5.71,BR,1698447278
423,kununurra,-15.7667,128.7333,302.14,17,83,1.54,AU,1698447199
424,lata,40.1629,-8.3327,288.66,97,71,2.3,PT,1698446826
425,nago,26.5881,127.9761,296.62,59,18,4.49,JP,1698446878
426,ivdel',60.6911,60.4206,269.37,81,17,1.79,RU,1698447282
427,naze,28.3667,129.4833,291.66,60,49,3.83,JP,1698447282
428,arraial do cabo,-22.9661,-42.0278,296.07,83,75,7.72,BR,1698447283
429,paidha,2.4167,30.9855,290.09,94,100,3.97,UG,1698447284
430,morristown,36.214,-83.2949,295.54,68,0,0.0,US,1698447111
431,tejen,37.3834,60.5054,294.4,31,36,4.28,TM,1698447285
432,prince rupert,54.3161,-130.3201,281.2,57,0,3.09,CA,1698447286
433,haiku-pauwela,20.9219,-156.3051,304.16,45,20,5.14,US,1698447287
434,grand falls-windsor,48.9332,-55.6649,278.43,85,92,0.45,CA,1698447288
435,malango,-2.9627,119.9001,294.13,60,98,0.67,ID,1698447289
436,hotan,37.0997,79.9269,285.15,25,57,1.48,CN,1698447289
437,swakopmund,-22.6833,14.5333,287.62,90,16,3.22,NA,1698447290
438,rio claro,-22.4114,-47.5614,297.26,50,99,2.16,BR,1698446839
439,walvis bay,-22.9575,14.5053,287.68,82,4,3.6,NA,1698447292
440,manthani,18.65,79.6667,291.31,69,0,1.35,IN,1698447293
441,flying fish cove,-10.4217,105.6791,298.97,83,100,5.14,CX,1698447294
442,murghob,38.1702,73.9667,271.23,57,41,1.64,TJ,1698447294
443,nadym,65.5333,72.5167,263.71,93,97,6.92,RU,1698446830
444,pemangkat,1.1667,108.9667,298.85,84,99,0.79,ID,1698447296
445,pangody,65.85,74.4859,264.73,92,99,8.18,RU,1698447297
446,ouesso,1.6136,16.0517,293.47,97,54,0.82,CG,1698447297
447,tlahualilo de zaragoza,26.1167,-103.45,303.11,37,16,4.12,MX,1698447298
448,page,36.9147,-111.4558,294.03,35,0,3.09,US,1698447299
449,kavieng,-2.5744,150.7967,301.22,75,100,5.08,PG,1698446751
450,xudat,41.631,48.681,290.79,62,43,3.19,AZ,1698447300
451,jiangyin,31.9282,120.3126,289.81,60,96,2.46,CN,1698447301
452,ballina,-28.8667,153.5667,290.81,56,55,7.35,AU,1698447302
453,baruun-urt,46.6806,113.2792,276.81,40,29,3.54,MN,1698447303
454,vordingborg,55.008,11.9106,279.83,100,100,6.71,DK,1698447304
455,weno,7.4515,151.8468,300.82,79,99,7.26,FM,1698446820
456,jordbro,59.1497,18.1167,276.3,94,98,1.79,SE,1698447306
457,marka,1.7159,44.7717,299.37,82,43,3.36,SO,1698447307
458,mandalgovi,45.7625,106.2708,277.98,30,58,3.26,MN,1698447308
459,oak grove,45.4168,-122.6401,286.3,58,40,4.47,US,1698447308
460,ekibastuz,51.6667,75.3667,270.74,54,93,1.77,KZ,1698447309
461,nyurba,63.2842,118.3319,274.54,87,100,4.68,RU,1698447310
462,norwich,52.6278,1.2983,281.19,97,12,2.06,GB,1698447027
463,ust-tsilma,65.441,52.1498,266.82,98,92,0.89,RU,1698446719
464,lerwick,60.1545,-1.1494,280.15,67,100,3.96,GB,1698447313
465,saldanha,-33.0117,17.9442,285.18,69,0,9.8,ZA,1698447314
466,khuzdar,27.7384,66.6434,293.47,39,51,1.95,PK,1698447315
467,olinda,-8.0089,-34.8553,301.0,74,40,4.12,BR,1698447316
468,xocotla,19.0333,-97.1,290.84,81,44,2.25,MX,1698447318
469,wagar,16.1525,36.2032,303.73,50,88,3.79,SD,1698447319
470,al jahra',29.3375,47.6581,299.05,36,1,3.69,KW,1698447320
471,lensk,60.7253,114.9278,274.55,87,100,3.89,RU,1698447321
472,tyukhtet,56.5389,89.3011,268.7,72,100,6.43,RU,1698447321
473,vieux fort,13.7167,-60.95,300.79,85,40,5.14,LC,1698447322
474,mawlamyinegyunn,16.3833,95.2667,296.89,96,78,1.12,MM,1698447323
475,nova sintra,14.8667,-24.7167,297.91,77,96,7.5,CV,1698447324
476,maksi,23.2667,76.15,291.79,42,27,1.43,IN,1698447325
477,selfoss,63.9331,-20.9971,275.73,75,94,3.04,IS,1698447326
478,kuragino,53.8975,92.6725,271.9,49,67,5.79,RU,1698447327
479,margate,51.3813,1.3862,284.99,87,89,3.13,GB,1698447328
480,kodiak,57.79,-152.4072,280.88,76,100,5.14,US,1698447328
481,as sulayyil,20.4607,45.5779,297.29,53,95,3.76,SA,1698447329
482,kachug,53.9606,105.8817,275.96,79,100,5.81,RU,1698447330
483,pio xii,-3.8325,-45.1525,300.69,64,22,4.72,BR,1698447331
484,hobyo,5.3505,48.5268,300.7,77,71,3.56,SO,1698447332
485,lorengau,-2.0226,147.2712,300.82,73,95,1.65,PG,1698447181
486,birao,10.2849,22.7882,297.06,79,96,1.52,CF,1698447333
487,saint-pierre,-21.3393,55.4781,296.97,69,0,3.09,RE,1698447334
488,tosontsengel,48.7567,98.2839,273.96,50,100,4.27,MN,1698447335
489,hovd,48.0056,91.6419,276.42,50,75,2.65,MN,1698447336
490,la'ie,21.6477,-157.9253,304.13,70,1,1.34,US,1698447337
491,boca do acre,-8.7522,-67.3978,297.96,90,87,0.68,BR,1698447079
492,bandarbeyla,9.4942,50.8122,299.49,83,99,5.06,SO,1698447339
493,palanga,55.9175,21.0686,275.16,87,75,3.09,LT,1698447340
494,berbera,10.4396,45.0143,301.65,76,100,4.9,SO,1698447341
495,pihuamo,19.2499,-103.3828,300.97,89,98,1.42,MX,1698447342
496,al bardiyah,31.7561,25.0865,295.14,85,1,2.73,LY,1698447342
497,naukot,24.8587,69.4024,299.67,58,100,4.2,PK,1698447343
498,manaure,11.7751,-72.4445,301.36,74,55,3.75,CO,1698447344
499,port augusta,-32.5,137.7667,295.91,16,99,8.22,AU,1698447345
500,jiamusi,46.8333,130.35,274.09,37,0,1.75,CN,1698447346
501,pariaman,-0.619,100.12,297.18,89,82,1.19,ID,1698447347
502,necochea,-38.5473,-58.7368,289.77,44,58,1.03,AR,1698447122
503,caluula,11.9661,50.7569,300.21,80,71,5.32,SO,1698447349
504,burutu,5.3509,5.5076,298.46,88,68,1.82,NG,1698447350
505,sarakhs,36.5449,61.1577,295.38,30,52,3.22,IR,1698447350
506,phongsali,21.6833,102.1058,287.86,100,97,0.29,LA,1698447351
507,zarghun shahr,32.8473,68.4457,282.92,46,64,1.02,AF,1698447352
508,cidreira,-30.1811,-50.2056,292.53,89,61,10.79,BR,1698447353
509,kingston,17.997,-76.7936,301.04,97,75,4.12,JM,1698446576
510,sittwe,20.15,92.9,296.96,91,100,2.48,MM,1698447355
511,fomboni,-12.28,43.7425,299.4,83,4,4.4,KM,1698447355
512,kegeyli shahar,42.7767,59.6078,288.2,46,100,3.35,UZ,1698447356
513,salinopolis,-0.6136,-47.3561,300.59,75,20,7.1,BR,1698447357
514,maputo,-25.9653,32.5892,295.97,88,40,4.12,MZ,1698447358
515,tavda,58.0425,65.2726,266.87,92,25,2.68,RU,1698447358
516,atherton,53.5237,-2.4935,282.75,94,83,2.47,GB,1698446772
517,nuku'alofa,-21.1333,-175.2,299.34,65,20,7.72,TO,1698447360
518,hutchinson island south,27.2995,-80.2205,300.18,70,40,6.17,US,1698447361
519,ravar,31.2656,56.8055,291.28,41,8,0.91,IR,1698447362
520,tostado,-29.232,-61.7692,298.7,51,87,3.98,AR,1698447363
521,floro,61.5996,5.0328,278.69,57,8,3.17,NO,1698447363
522,kayangel,8.0823,134.7173,301.42,72,65,2.17,PW,1698447364
523,kathu,7.9178,98.3332,302.98,74,90,2.24,TH,1698447365
524,bogo,11.0517,124.0055,300.62,81,45,1.88,PH,1698447366
525,grimstad,58.3405,8.5934,275.1,73,96,7.69,NO,1698447367
526,khilok,51.3674,110.4676,273.68,78,10,1.03,RU,1698447367
527,buka,40.8108,69.1986,289.99,49,100,0.11,UZ,1698447368
528,junin,-34.5838,-60.9433,295.31,69,99,2.5,AR,1698447370
529,oistins,13.0667,-59.5333,301.2,89,40,7.2,BB,1698447371
530,serdar,38.9764,56.2757,294.11,38,33,1.02,TM,1698447371
531,callao,-12.0667,-77.15,296.88,73,100,7.72,PE,1698447372
532,gao,16.6362,1.637,301.37,14,36,4.5,ML,1698447373
533,ciudad lazaro cardenas,17.9583,-102.2,301.17,79,57,3.92,MX,1698447374
534,prainha,-1.8,-53.48,302.87,42,8,1.46,BR,1698447375
535,brejo santo,-7.4933,-38.9872,306.28,32,38,1.22,BR,1698447375
536,rada tilly,-45.9333,-67.5333,290.42,25,16,19.55,AR,1698447376
537,bull savanna,17.8868,-77.5902,299.28,71,23,2.27,JM,1698447377
538,dakhla,23.6848,-15.958,294.15,86,0,7.69,EH,1698447378
539,slave lake,55.2834,-114.769,270.14,80,100,3.6,CA,1698447379
540,itoman,26.1247,127.6694,297.16,68,75,3.09,JP,1698447380
541,chul'man,56.8479,124.9104,258.61,97,71,1.11,RU,1698447381
542,arica,-18.475,-70.3042,295.9,64,0,4.63,CL,1698447111
543,anklam,53.8564,13.6897,281.51,82,100,2.47,DE,1698447382
544,kaliganj,23.4095,89.1402,295.18,69,0,1.55,BD,1698447383
545,sabang,5.8933,95.3214,300.41,78,95,3.54,ID,1698447384
546,cristalina,-16.7686,-47.6136,294.06,77,100,3.64,BR,1698447384
547,vecumnieki,56.6064,24.5222,273.52,92,81,2.37,LV,1698447385
548,quiberon,47.4841,-3.1196,286.59,85,83,4.02,FR,1698447386
549,kuching,1.55,110.3333,300.38,96,20,0.51,MY,1698447387
550,nabire,-3.3667,135.4833,300.79,75,76,1.36,ID,1698447388
551,kristiansund,63.1115,7.732,273.51,69,0,2.06,NO,1698447388
552,jinka,5.65,36.65,290.74,92,97,0.48,ET,1698447389
553,qusmuryn,52.4503,64.6311,272.68,58,100,3.94,KZ,1698447390
554,puerto deseado,-47.7503,-65.8938,288.18,28,63,14.62,AR,1698447391
555,santa marta de ortigueira,43.6833,-7.85,288.85,71,100,2.68,ES,1698447392
556,al jubayl,27.0112,49.6583,299.82,51,0,5.54,SA,1698447393
557,banff,51.1762,-115.5698,268.36,42,96,2.06,CA,1698447295
558,karachayevsk,43.774,41.9142,285.26,69,100,2.71,RU,1698447394
559,mount isa,-20.7333,139.5,298.02,14,86,7.2,AU,1698447395
560,chernyshkovskiy,48.4219,42.2308,285.65,95,99,3.56,RU,1698447396
561,beberibe,-4.1797,-38.1306,299.54,81,21,5.69,BR,1698447397
562,sparti,37.0733,22.4297,293.12,89,18,2.12,GR,1698447398
563,inhambane,-23.865,35.3833,294.98,79,0,4.34,MZ,1698447399
564,tralee,52.2704,-9.7026,282.5,95,75,2.65,IE,1698447400
565,eydhafushi,5.1033,73.0708,300.89,77,95,3.72,MV,1698447401
566,tukrah,32.5341,20.5791,294.52,81,6,2.17,LY,1698447401
567,tamale,9.4008,-0.8393,300.44,60,19,2.56,GH,1698447403
568,mahina,-17.5065,-149.489,298.02,83,100,2.57,PF,1698447404
569,palapag,12.5458,125.1147,300.85,78,17,1.76,PH,1698447404
570,tabou,4.423,-7.3528,298.75,88,5,2.92,CI,1698447405
571,mezhdurechenskiy,59.6,65.9333,267.76,92,46,1.9,RU,1698447406
572,st. john's,47.5649,-52.7093,279.2,85,40,2.06,CA,1698447406
573,nova xavantina,-14.6667,-52.35,300.91,62,76,1.68,BR,1698447407
574,meadow lake,34.8014,-106.5436,296.36,23,0,7.12,US,1698447408
575,gizo,-8.103,156.8419,301.5,72,48,0.88,SB,1698447408
576,pampa del indio,-26.0647,-59.919,296.07,96,80,1.98,AR,1698447409
577,shenjiamen,29.9576,122.298,292.7,56,99,3.5,CN,1698447410
578,filingue,14.3521,3.3168,303.02,18,89,3.49,NE,1698447411
579,macia,-25.0269,33.0989,294.73,67,5,3.86,MZ,1698447411
580,loango,-4.6719,11.8312,298.96,89,40,2.06,CG,1698447412
581,puertollano,38.6871,-4.1073,285.97,85,99,2.93,ES,1698447413
582,sumbe,-11.2061,13.8437,297.08,88,59,0.51,AO,1698447414
583,pitimbu,-7.4706,-34.8086,300.48,79,37,6.57,BR,1698447414
584,oroqen zizhiqi,50.5667,123.7167,272.68,63,96,0.54,CN,1698447415
585,tanjung pinang,0.9167,104.45,299.17,77,68,2.89,ID,1698447416
586,bhag,29.0415,67.8239,300.47,21,90,2.29,PK,1698447417
587,kapit,2.0167,112.9333,296.32,99,96,0.64,MY,1698447418
588,kirensk,57.7853,108.1119,272.57,68,100,4.47,RU,1698447418
589,houghton,47.1219,-88.569,280.27,90,75,9.26,US,1698447419
590,mkushi,-13.6202,29.3939,295.39,58,4,3.38,ZM,1698447420
591,tsetserleg,47.475,101.4542,276.27,34,17,2.49,MN,1698447421
592,santa isabel,-23.3156,-46.2214,293.76,98,99,2.06,BR,1698447421
593,port douglas,-16.4833,145.4667,299.32,73,99,5.08,AU,1698447422
594,visby,57.6409,18.296,277.61,81,100,3.09,SE,1698447425
595,tidjikja,18.5564,-11.4271,302.57,17,1,3.99,MR,1698447425
596,palmer,42.1584,-72.3287,294.8,70,20,2.57,US,1698447426
597,kismayo,-0.3582,42.5454,299.6,82,54,3.89,SO,1698447427
598,bontang,0.1333,117.5,300.49,75,92,1.02,ID,1698447429
599,santo antonio do ica,-3.1022,-67.9397,299.08,89,100,0.2,BR,1698447429
600,la union,-5.4,-80.75,296.97,63,97,8.58,PE,1698447430
601,kalmunai,7.4167,81.8167,298.37,84,68,1.18,LK,1698447431
602,plastun,44.7561,136.2939,278.06,50,99,2.64,RU,1698447432
